title,authors,year,citations,abstract,result_id,publication_info,pdf_links,url,total_results,search_time
Artificial intelligence in bioinformatics: a survey,"J Jiang, Y Li, S Cao, Y Shan, Y Liu, T Fei…",2025,2,"… of AI within bioinformatics, providing incalculable benefits for life sciences and clinical practices, such as accelerating drug screening … and application of AI in bioinformatics. It highlights …",2WIVoABq7G8J,"J Jiang, Y Li, S Cao, Y Shan, Y Liu, T Fei… - … in Bioinformatics, 2025 - academic.oup.com",[],https://academic.oup.com/bib/article-abstract/26/6/bbaf576/8315885,unknown,unknown
Integrating single-cell RNA sequencing and artificial intelligence for multitargeted drug design for combating resistance in liver cancer,"H Wang, Y Yang, J Zhang, W Chen, J Dai, C Li…",2025,3,"… A detailed bioinformatics pipeline used in the experiment included quality control, feature selection, dimensionality reduction using Principal Component Analysis (PCA), Uniform …",jQxmNoOQinsJ,"H Wang, Y Yang, J Zhang, W Chen, J Dai, C Li… - NPJ Precision …, 2025 - nature.com",[],https://www.nature.com/articles/s41698-025-00952-3,unknown,unknown
Single-cell technology for drug discovery and development,"A Zhang, J Zou, Y Xi, L Gao, F Deng, Y Liu…",2024,9,… application of single-cell omics technologies in drug screening and development comprehensively… can be improved by combining single-cell omics and artificial intelligence …,d6fcus7Xcd4J,"A Zhang, J Zou, Y Xi, L Gao, F Deng, Y Liu… - … in Drug Discovery, 2024 - frontiersin.org",[],https://www.frontiersin.org/journals/drug-discovery/articles/10.3389/fddsv.2024.1459962/full?trk=public_post_comment-text,unknown,unknown
Boosting clear cell renal carcinoma-specific drug discovery using a deep learning algorithm and single-cell analysis,"Y Wang, X Chen, N Tang, M Guo, D Ai",2024,7,"… , in pharmaceutical research, using conventional drugs in new ways is one important strategy to simplify the new drug discovery … virtual screening technology, target docking screening …",n9qkk5tzSvcJ,"Y Wang, X Chen, N Tang, M Guo, D Ai - International Journal of …, 2024 - mdpi.com",[],https://www.mdpi.com/1422-0067/25/7/4134,unknown,unknown
Applications of single-cell RNA sequencing in drug discovery and development,"B Van de Sande, JS Lee, E Mutasa-Gottgens…",2023,430,"… more precise monitoring of drug response and disease progression. … drug discovery and development, and discuss ongoing challenges for their implementation in the pharmaceutical …",PnvLGt6qajMJ,"B Van de Sande, JS Lee, E Mutasa-Gottgens… - … reviews Drug discovery, 2023 - nature.com",[],https://www.nature.com/articles/s41573-023-00688-4,unknown,unknown
Bioinformatics: Advancing biomedical discovery and innovation in the era of big data and artificial intelligence,"Y Liu, Y Chen, L Han",2023,42,"… of individual cells, enabling the identification of rare or previously unknown … AI on drug discovery has been profound, as it has significantly accelerated the drug development …",daat1GgfeBsJ,"Y Liu, Y Chen, L Han - The Innovation Medicine, 2023 - the-innovation.org",[],http://the-innovation.org/data/article/medicine/preview/pdf/TIME1-0516-Bioinform-Perspec-012.pdf,unknown,unknown
AI in drug discovery and its clinical relevance,"R Qureshi, M Irfan, TM Gondal, S Khan, J Wu, MU Hadi…",2023,296,… Predicting possible responses to a drug is a critical step in a drug design pipeline. Similarity … the response of a drug on individual cells and the efficacy of a drug-target interaction by …,9RqkeU8zhnkJ,"R Qureshi, M Irfan, TM Gondal, S Khan, J Wu, MU Hadi… - Heliyon, 2023 - cell.com",[],https://www.cell.com/heliyon/fulltext/S2405-8440(23)04783-7,unknown,unknown
Artificial intelligence in drug discovery: applications and techniques,"J Deng, Z Yang, I Ojima, D Samaras…",2022,264,"… , AI techniques are dissected into model architectures and learning paradigms. To reflect the technical development of AI in drug discovery over … review on AI in drug discovery. We also …",Dq-guPcImm4J,"J Deng, Z Yang, I Ojima, D Samaras… - … in Bioinformatics, 2022 - academic.oup.com",[],https://academic.oup.com/bib/article-abstract/23/1/bbab430/6420092,unknown,unknown
Artificial intelligence for drug response prediction in disease models,"PJ Ballester, R Stevens, B Haibe-Kains…",2022,39,"… predictive models generated by artificial intelligence (AI) [1] algorithms. Such in silico models have a range of applications in biomedicine and healthcare, including drug discovery [2] …",_RSwoODDFeUJ,"PJ Ballester, R Stevens, B Haibe-Kains… - … in bioinformatics, 2022 - academic.oup.com",[],https://academic.oup.com/bib/article-abstract/23/1/bbab450/6398131,unknown,unknown
Harnessing big 'omics' data and AI for drug discovery in hepatocellular carcinoma,"B Chen, L Garmire, DF Calvisi, MS Chua…",2020,153,"… — from bulk tissues to single cells, from cancer cells to microorganisms, from cell lines to genetically modified mice and to individual patients, and from single time points to longitudinal …",aUMOrkwFPocJ,"B Chen, L Garmire, DF Calvisi, MS Chua… - Nature Reviews …, 2020 - nature.com",[],https://www.nature.com/articles/s41575-019-0240-9,unknown,unknown
