title,authors,year,citations,abstract,result_id,publication_info,pdf_links,url,total_results,search_time
Peptide-based drug design using generative AI,"S Ekambaram, NV Dokholyan",2026,2,… These methods employ reinforcement learning strategies to iteratively refine peptide conformations against experimentally derived constraints such as NMR or cryo-EM data. …,UL3LmgkYkEQJ,"S Ekambaram, NV Dokholyan - Chemical Communications, 2026 - pubs.rsc.org",[],https://pubs.rsc.org/en/content/articlehtml/2026/cc/d5cc04998a,unknown,unknown
Artificial intelligence in peptide-based drug design,"S Zhai, T Liu, S Lin, D Li, H Liu, X Yao, T Hou",2025,34,"… advances in artificial intelligence (AI) are paving new paths for peptide-based drug design. … explore the advanced deep generative models for designing target-specific peptide binders, …",NBYZuAHItbIJ,"S Zhai, T Liu, S Lin, D Li, H Liu, X Yao, T Hou - Drug Discovery Today, 2025 - Elsevier",[],https://www.sciencedirect.com/science/article/pii/S1359644625000133,unknown,unknown
Bridging machine learning and peptide design for cancer treatment: a comprehensive review,"K Rezaee, H Eslami",2025,21,"… discovery using AI-driven techniques. This structured approach underscores the transformative impact of automation in peptide design, … of cyclic peptides in modern drug development …",zJ-SUgDItbsJ,"K Rezaee, H Eslami - Artificial Intelligence Review, 2025 - Springer",[],https://link.springer.com/article/10.1007/s10462-025-11148-3,unknown,unknown
The role and future prospects of artificial intelligence algorithms in peptide drug development,"Z Chen, R Wang, J Guo, X Wang",2024,54,"… advances quickly, it is now possible to build machine learning or deep learning models … peptide drugs is outlined in this review, along with a few related cases that were helped by AI …",K-UQ_rLkUowJ,"Z Chen, R Wang, J Guo, X Wang - Biomedicine & Pharmacotherapy, 2024 - Elsevier",[],https://www.sciencedirect.com/science/article/pii/S0753332224005936,unknown,unknown
Peptide-based drug discovery through artificial intelligence: towards an autonomous design of therapeutic peptides,"M Goles, A Daza, G Cabas-Mora…",2024,115,… This work outlines traditional strategies for machine learning model construction … AI-assisted peptide design and validation pipeline. The evolving landscape of peptide design using AI …,5WWjaokMt_cJ,"M Goles, A Daza, G Cabas-Mora… - Briefings in …, 2024 - academic.oup.com",[],https://academic.oup.com/bib/article-abstract/25/4/bbae275/7690345,unknown,unknown
Therapeutic peptide development revolutionized: Harnessing the power of artificial intelligence for drug discovery,"S Hashemi, P Vosough, S Taghizadeh…",2024,49,"… , AI and deep learning approaches in drug discovery will … other AI techniques has enhanced peptide-based drug discovery, … significant study applied AI for the accelerated discovery of …",v36u3-ZrdMoJ,"S Hashemi, P Vosough, S Taghizadeh… - Heliyon, 2024 - cell.com",[],https://www.cell.com/heliyon/fulltext/S2405-8440(24)16296-2,unknown,unknown
Machine learning for antimicrobial peptide identification and design,"F Wan, F Wong, JJ Collins…",2024,180,… Artificial intelligence (AI) and machine learning (ML) models are being deployed in many domains of society and have recently reached the field of drug discovery. Given the increasing …,0BLXtxCJxoYJ,"F Wan, F Wong, JJ Collins… - Nature Reviews …, 2024 - nature.com",[],https://www.nature.com/articles/s44222-024-00152-x,unknown,unknown
Revolutionizing peptide‐based drug discovery: advances in the post‐AlphaFold era,"L Chang, A Mondal, B Singh…",2024,45,"… peptide-based drug discovery. We explore recent advancements that facilitate a successful peptide drug discovery pipeline, considering peptides' … are ideal for machine learning and AI-…",QKs6XSEc8BcJ,"L Chang, A Mondal, B Singh… - Wiley …, 2024 - Wiley Online Library",[],https://wires.onlinelibrary.wiley.com/doi/abs/10.1002/wcms.1693,unknown,unknown
Artificial intelligence to deep learning: machine intelligence approach for drug discovery,"R Gupta, D Srivastava, M Sahu, S Tiwari, RK Ambasta…",2021,1694,… deep learning algorithms have modernized the area. Machine learning and deep learning algorithms have been implemented in several drug discovery processes such as peptide …,4K9gOGWKCjUJ,"R Gupta, D Srivastava, M Sahu, S Tiwari, RK Ambasta… - Molecular …, 2021 - Springer",[],https://link.springer.com/article/10.1007/s11030-021-10217-3,unknown,unknown
Application of artificial intelligence and machine learning for COVID-19 drug discovery and vaccine design,"H Lv, L Shi, JW Berkenpas, FY Dao…",2021,126,"… design. In this review, we focused on the AI/ML-based methods for drug discovery and vaccine design to … Based on this, the validated binding or non-binding peptides in this study are …",ElfyVl8_5BkJ,"H Lv, L Shi, JW Berkenpas, FY Dao… - Briefings in …, 2021 - academic.oup.com",[],https://academic.oup.com/bib/article-abstract/22/6/bbab320/6354025,unknown,unknown
