title,authors,year,citations,abstract,result_id,publication_info,pdf_links,url,total_results,search_time
AI-driven innovation in antibody-drug conjugate design,"HA Noriega, XS Wang",2025,12,… AI-driven design of individual ADC components; (2) the application of deep learning (DL) to antibody structure prediction and identification of optimal conjugation sites; (3) the use of AI/…,xNB6etauZUQJ,"HA Noriega, XS Wang - Frontiers in Drug Discovery, 2025 - frontiersin.org",[],https://www.frontiersin.org/journals/drug-discovery/articles/10.3389/fddsv.2025.1628789/full,unknown,unknown
Revolutionizing synthetic antibody design: Harnessing artificial intelligence and deep sequencing big data for unprecedented advances,E Gallo,2025,15,"… It facilitates the prompt and cost-effective high-throughput sequencing of DNA and RNA … that the intersection of machine learning, computational biology, and Ab engineering is proving …",N9OWX_zq6dIJ,"E Gallo - Molecular Biotechnology, 2025 - Springer",[],https://link.springer.com/article/10.1007/s12033-024-01064-2,unknown,unknown
"Revolutionizing oncology: the role of Artificial Intelligence (AI) as an antibody design, and optimization tools","V Dewaker, VK Morya, YH Kim, ST Park, HS Kim…",2025,35,"… (ML) and deep learning (DL), has transformed antibody design by … AI’s transformative role in antibody design and optimization. We highlight advancements in CDR development, …",8y4dAMy4UMEJ,"V Dewaker, VK Morya, YH Kim, ST Park, HS Kim… - Biomarker …, 2025 - Springer",[],https://link.springer.com/article/10.1186/s40364-025-00764-4,unknown,unknown
Harnessing deep learning to accelerate the development of antibodies and aptamers,"P Tan, S Li, J Huang, Z Zhou, L Hong",2025,0,"… Artificial intelligence (AI) has revolutionized the design of antibodies and RNA aptamers, driving … In antibody design, AI enables accurate structure prediction and optimization of binding …",ihaS0iqC50YJ,"P Tan, S Li, J Huang, Z Zhou, L Hong - Acta Pharmaceutica Sinica B, 2025 - Elsevier",[],https://www.sciencedirect.com/science/article/pii/S2211383525008251,unknown,unknown
A new era of antibody discovery: an in-depth review of AI-driven approaches,"J Cheng, T Liang, XQ Xie, Z Feng, L Meng",2024,43,"… how AI methods, especially deep learning, have streamlined the process of antibody affinity … Given their high affinity and specificity for a range of macromolecules, antibodies are widely …",0hVHnwnOYKEJ,"J Cheng, T Liang, XQ Xie, Z Feng, L Meng - Drug Discovery Today, 2024 - Elsevier",[],https://www.sciencedirect.com/science/article/pii/S1359644624001090,unknown,unknown
Recent applications of artificial intelligence in RNA-targeted small molecule drug discovery,"EC Morishita, S Nakamura",2024,30,"… learning and deep learning, present an opportunity to speed up the … on the recent applications of AI tools in the early stages of RNA-targeted small molecule drug discovery ( Figure 1 ). …",w6zomzgqZIkJ,"EC Morishita, S Nakamura - Expert Opinion on Drug Discovery, 2024 - Taylor & Francis",[],https://www.tandfonline.com/doi/abs/10.1080/17460441.2024.2313455,unknown,unknown
Recent trends in RNA informatics: a review of machine learning and deep learning for RNA secondary structure prediction and RNA drug discovery,"K Sato, M Hamada",2023,89,"… Additionally, artificial intelligence and machine learning are … that the consideration of RNA structures is essential in this kind … for RNA–target drug discovery using machine learning [128], …",c5Gcy88XK3MJ,"K Sato, M Hamada - Briefings in bioinformatics, 2023 - academic.oup.com",[],https://academic.oup.com/bib/article-abstract/24/4/bbad186/7179751,unknown,unknown
Computational and artificial intelligence-based methods for antibody development,"J Kim, M McFee, Q Fang, O Abdin, PM Kim",2023,193,"… /AI-based methodologies for antibody development are … This is analogous to small-molecule drug discovery, where … (B) Novel antibody design via deep learning method based on the …",F87EHJD-xK0J,"J Kim, M McFee, Q Fang, O Abdin, PM Kim - Trends in pharmacological …, 2023 - cell.com",[],https://www.cell.com/trends/pharmacological-sciences/fulltext/S0165-6147(22)00279-6,unknown,unknown
Using AI to design antibodies,G Rakočević,2023,0,… Targeting LLPS in disease: a new modality in drug development … the immense potential of deep learning and generative AI in revolutionizing antibody optimization and design. By …,nWhIq4c637IJ,"G Rakočević - 4th Belgrade Bioinformatics Conference, 2023 - imagine.imgge.bg.ac.rs",[],https://imagine.imgge.bg.ac.rs/handle/123456789/2002,unknown,unknown
"Machine-designed biotherapeutics: opportunities, feasibility and advantages of deep learning in computational antibody discovery","W Wilman, S Wróbel, W Bielska…",2022,101,… based modeling of antibody repertoires or machine-learning-based … deep) machine learning approaches to therapeutic antibody design with implications for fully computational antibody …,tmmS029RQSIJ,"W Wilman, S Wróbel, W Bielska… - Briefings in …, 2022 - academic.oup.com",[],https://academic.oup.com/bib/article-abstract/23/4/bbac267/6643456,unknown,unknown
