title,authors,year,citations,abstract,result_id,publication_info,pdf_links,url,total_results,search_time
Digital alchemy: the rise of machine and deep learning in small-molecule drug discovery,"A Manan, E Baek, S Ilyas, D Lee",2025,4,"… impact of artificial intelligence (AI) and machine learning (ML) on modern drug design, … the inherent limitations of traditional small-molecule drug design methodologies. It begins …",jih6JjNi46sJ,"A Manan, E Baek, S Ilyas, D Lee - International Journal of Molecular …, 2025 - mdpi.com",[],https://www.mdpi.com/1422-0067/26/14/6807,unknown,unknown
"Artificial intelligence in small-molecule drug discovery: a critical review of methods, applications, and real-world outcomes",SK Niazi,2025,7,"… Artificial intelligence (AI) is emerging as a valuable complementary tool in small-molecule drug discovery, … the evolution of AI from early rule-based systems to advanced deep learning, …",rjofHfiZmCUJ,"SK Niazi - Pharmaceuticals, 2025 - mdpi.com",[],https://www.mdpi.com/1424-8247/18/9/1271,unknown,unknown
Artificial intelligence for small molecule anticancer drug discovery,"L Duo, Y Liu, J Ren, B Tang, JD Hirst",2024,32,"… Machine learning (ML), particularly deep learning (DL) techniques, enables the rapid … evolution of AI in drug discovery, emphasize various applications of AI in small molecule cancer …",JVob0AiPXiAJ,"L Duo, Y Liu, J Ren, B Tang, JD Hirst - … Opinion on Drug Discovery, 2024 - Taylor & Francis",[],https://www.tandfonline.com/doi/abs/10.1080/17460441.2024.2367014,unknown,unknown
Generative artificial intelligence for small molecule drug design,"GC Kanakala, S Devata, P Chatterjee…",2024,24,"… of these approaches in accelerating the drug discovery process. Through a detailed … drug design, highlighting its transformative impact on pharmaceutical research and development…",u7PaJF9SMrAJ,"GC Kanakala, S Devata, P Chatterjee… - Current Opinion in …, 2024 - Elsevier",[],https://www.sciencedirect.com/science/article/pii/S0958166924001113,unknown,unknown
Artificial intelligence in small molecule drug discovery from 2018 to 2023: does it really work?,"Q Lv, F Zhou, X Liu, L Zhi",2023,46,"… -stage drug discovery. This … AI methods in the field of small drug design, with a specific focus on four key areas: protein structure prediction, molecular virtual screening, molecular design…",SWWYwSpL4J4J,"Q Lv, F Zhou, X Liu, L Zhi - Bioorganic chemistry, 2023 - Elsevier",[],https://www.sciencedirect.com/science/article/pii/S0045206823005552,unknown,unknown
Deep learning methods for small molecule drug discovery: A survey,"W Hu, Y Liu, X Chen, W Chai, H Chen…",2023,31,"… learning algorithms. Moreover, we present the recent benchmarks for deep learning-based drug discovery… the taxonomy of the deep learning methods for drug discovery according to …",kOfA5uSjdlMJ,"W Hu, Y Liu, X Chen, W Chai, H Chen… - … Artificial Intelligence, 2023 - ieeexplore.ieee.org",[],https://ieeexplore.ieee.org/abstract/document/10058590/,unknown,unknown
Machine learning for small molecule drug discovery in academia and industry,"A Volkamer, S Riniker, E Nittinger, J Lanini…",2023,65,"… in the field of molecular machine learning. Despite common … Herein, we highlight the opportunities that machine learning … Main challenges in molecular machine learning as well as …",tcHxHd8SD54J,"A Volkamer, S Riniker, E Nittinger, J Lanini… - Artificial Intelligence in …, 2023 - Elsevier",[],https://www.sciencedirect.com/science/article/pii/S2667318522000265,unknown,unknown
AI in small-molecule drug discovery: a coming wave,"MKP Jayatunga, W Xie, L Ruder, U Schulze…",2022,207,"… of AI along these dimensions using publicly available data. We focused mainly on small-molecule drug discovery, for which AI … CMLR's goal is to advance machine learning-related …",Ns4ZdbCb3TQJ,"MKP Jayatunga, W Xie, L Ruder, U Schulze… - Nat. Rev. Drug …, 2022 - nature.com",[],https://www.nature.com/articles/d41573-022-00025-1,unknown,unknown
Artificial intelligence to deep learning: machine intelligence approach for drug discovery,"R Gupta, D Srivastava, M Sahu, S Tiwari, RK Ambasta…",2021,1694,… of artificial intelligence and deep learning in this field. … artificial intelligence and deep learning advancements provide an excellent opportunity for rational drug design and discovery …,4K9gOGWKCjUJ,"R Gupta, D Srivastava, M Sahu, S Tiwari, RK Ambasta… - Molecular …, 2021 - Springer",[],https://link.springer.com/article/10.1007/s11030-021-10217-3,unknown,unknown
Deep learning for drug design: an artificial intelligence paradigm for drug discovery in the big data era,"Y Jing, Y Bian, Z Hu, L Wang, XQS Xie",2018,476,"… Compared to traditional machine learning (ML) algorithms, DL … recognition in small molecular drug discovery and development. And … for small molecule drug design and development. …",X97LsjlmovQJ,"Y Jing, Y Bian, Z Hu, L Wang, XQS Xie - The AAPS journal, 2018 - Springer",[],https://link.springer.com/article/10.1208/s12248-018-0210-0,unknown,unknown
